,affyID,entrezID,ensemblID
0,221227_x_at,51805,ENSG00000132423
1,212345_s_at,64764,ENSG00000182158
2,218597_s_at,55847,ENSG00000122873
3,217140_s_at,7416,ENSG00000213585
4,209253_at,10174,ENSG00000120896
5,214404_x_at,25803,ENSG00000124664
6,219888_at,6676,ENSG00000061656
7,201225_s_at,10250,ENSG00000133226
8,202535_at,8772,ENSG00000168040
9,219499_at,55176,ENSG00000065665
10,203627_at,3480,ENSG00000140443
11,204087_s_at,8884,ENSG00000138074
12,205227_at,3556,ENSG00000196083
13,202388_at,5997,ENSG00000116741
14,204418_x_at,2946,ENSG00000213366
15,205607_s_at,57147,ENSG00000000457
16,218462_at,80135,ENSG00000117133
17,213417_at,6909,ENSG00000121068
18,205963_s_at,9093,ENSG00000276726
19,201804_x_at,1155,ENSG00000105254
20,212851_at,23142,ENSG00000109184
21,200618_at,3927,ENSG00000002834
22,210151_s_at,8444,ENSG00000143479
23,218271_s_at,55486,ENSG00000175193
24,217971_at,8649,ENSG00000109270
25,205811_at,11232,ENSG00000256525
26,201007_at,3032,ENSG00000138029
27,203512_at,27095,ENSG00000054116
28,220964_s_at,81876,ENSG00000174903
29,204849_at,10732,ENSG00000101190
30,209691_s_at,55715,ENSG00000125170
31,202362_at,5906,ENSG00000116473
32,212591_at,23029,ENSG00000188739
33,212770_at,7090,ENSG00000140332
34,203336_s_at,9270,ENSG00000119185
35,203127_s_at,9517,ENSG00000100596
36,210337_s_at,47,ENSG00000131473
37,218140_x_at,58477,ENSG00000144867
38,206066_s_at,5889,ENSG00000108384
39,218245_at,25987,ENSG00000182704
40,201589_at,8243,ENSG00000072501
41,218113_at,23670,ENSG00000135048
42,210695_s_at,51741,ENSG00000186153
43,201351_s_at,10730,ENSG00000136758
44,214274_s_at,30,ENSG00000060971
45,218068_s_at,79894,ENSG00000171161
46,213370_s_at,51460,ENSG00000163935
47,218916_at,79724,ENSG00000169957
48,218667_at,64219,ENSG00000181191
49,213152_s_at,10929,ENSG00000263465
50,220091_at,11182,ENSG00000281165
51,202908_at,7466,ENSG00000109501
52,203358_s_at,2146,ENSG00000106462
53,212403_at,89910,ENSG00000151148
54,204949_at,3385,ENSG00000076662
55,218086_at,56654,ENSG00000107281
56,208950_s_at,501,ENSG00000164904
57,213772_s_at,23062,ENSG00000103365
58,57703_at,205564,ENSG00000119231
59,201794_s_at,9887,ENSG00000116698
60,203709_at,5261,ENSG00000156873
61,205667_at,7486,ENSG00000165392
62,212955_s_at,5438,ENSG00000105258
63,201207_at,7126,ENSG00000109079
64,201548_s_at,10765,ENSG00000117139
65,212651_at,9886,ENSG00000072422
66,218064_s_at,26993,ENSG00000011243
67,212189_s_at,25839,ENSG00000103051
68,201555_at,4172,ENSG00000112118
69,218290_at,55111,ENSG00000104886
70,217870_s_at,51727,ENSG00000162368
71,203138_at,8520,ENSG00000292096
72,201503_at,10146,ENSG00000145907
73,213292_s_at,23161,ENSG00000071189
74,203154_s_at,10298,ENSG00000130669
75,201379_s_at,7165,ENSG00000101150
76,204514_at,1802,ENSG00000132768
77,217872_at,55011,ENSG00000104872
78,201250_s_at,6513,ENSG00000117394
79,217789_at,58533,ENSG00000129515
80,201738_at,10289,ENSG00000114784
81,204656_at,6461,ENSG00000107338
82,221514_at,10813,ENSG00000156697
83,212051_at,147179,ENSG00000171475
84,218407_x_at,29937,ENSG00000117691
85,219581_at,80746,ENSG00000154743
86,218948_at,55278,ENSG00000130348
87,201011_at,6184,ENSG00000163902
88,204757_s_at,9854,ENSG00000172375
89,203007_x_at,10434,ENSG00000120992
90,206173_x_at,2553,ENSG00000104064
91,213531_s_at,22930,ENSG00000115839
92,204756_at,5607,ENSG00000137764
93,202635_s_at,5440,ENSG00000147669
94,209899_s_at,22827,ENSG00000179950
95,209724_s_at,7541,ENSG00000198081
96,210788_s_at,51635,ENSG00000100612
97,202093_s_at,54623,ENSG00000006712
98,212614_at,84159,ENSG00000150347
99,207515_s_at,9533,ENSG00000171453
100,201614_s_at,8607,ENSG00000175792
101,210241_s_at,11257,ENSG00000182165
102,207163_s_at,207,ENSG00000142208
103,219974_x_at,55862,ENSG00000093144
104,215980_s_at,3508,ENSG00000132740
105,202318_s_at,26054,ENSG00000112701
106,212500_at,84890,ENSG00000181915
107,203447_at,5711,ENSG00000095261
108,202735_at,10682,ENSG00000147155
109,218584_at,79600,ENSG00000204852
110,214259_s_at,8574,ENSG00000053371
111,207620_s_at,8573,ENSG00000147044
112,203338_at,5529,ENSG00000154001
113,203171_s_at,23378,ENSG00000132275
114,203726_s_at,3909,ENSG00000053747
115,212830_at,1955,ENSG00000106780
116,201170_s_at,8553,ENSG00000134107
117,219459_at,55703,ENSG00000013503
118,211715_s_at,622,ENSG00000275544
119,215000_s_at,9637,ENSG00000171055
120,202491_s_at,8518,ENSG00000070061
121,201811_x_at,9467,ENSG00000131370
122,202187_s_at,5525,ENSG00000066027
123,205120_s_at,6443,ENSG00000163069
124,203442_x_at,256364,ENSG00000149499
125,217956_s_at,58478,ENSG00000145293
126,202095_s_at,332,ENSG00000089685
127,203291_at,4850,ENSG00000080802
128,200843_s_at,2058,ENSG00000136628
129,203596_s_at,24138,ENSG00000152778
130,212723_at,23210,ENSG00000070495
131,121_at,7849,ENSG00000125618
132,204497_at,115,ENSG00000162104
133,218826_at,54733,ENSG00000110660
134,218910_at,55129,ENSG00000160746
135,212140_at,23244,ENSG00000121892
136,217934_x_at,10273,ENSG00000103266
137,204772_s_at,7270,ENSG00000125482
138,203646_at,2230,ENSG00000137714
139,202361_at,9632,ENSG00000176986
140,209364_at,572,ENSG00000002330
141,200670_at,7494,ENSG00000100219
142,201158_at,4836,ENSG00000136448
143,219485_s_at,5716,ENSG00000101843
144,202109_at,23647,ENSG00000132254
145,203884_s_at,22841,ENSG00000107560
146,202945_at,2356,ENSG00000136877
147,202811_at,10617,ENSG00000124356
148,202772_at,3155,ENSG00000117305
149,206050_s_at,6050,ENSG00000276230
150,221492_s_at,64422,ENSG00000144848
151,202862_at,2184,ENSG00000103876
152,204755_x_at,3131,ENSG00000108924
153,201136_at,5355,ENSG00000102007
154,209939_x_at,8837,ENSG00000003402
155,201416_at,6659,ENSG00000124766
156,218595_s_at,55127,ENSG00000119285
157,204106_at,7016,ENSG00000107140
158,212115_at,90861,ENSG00000206053
159,212880_at,23335,ENSG00000091157
160,203848_at,10270,ENSG00000105127
161,201628_s_at,10670,ENSG00000155876
162,204256_at,79071,ENSG00000170522
163,212811_x_at,6509,ENSG00000115902
164,202324_s_at,64746,ENSG00000182827
165,221549_at,83743,ENSG00000105447
166,204285_s_at,5366,ENSG00000141682
167,200887_s_at,6772,ENSG00000115415
168,206015_s_at,22887,ENSG00000198815
169,202009_at,11344,ENSG00000247596
170,206846_s_at,10013,ENSG00000094631
171,219363_s_at,51001,ENSG00000156469
172,219492_at,26511,ENSG00000109220
173,203126_at,3613,ENSG00000141401
174,201087_at,5829,ENSG00000089159
175,201498_at,7874,ENSG00000187555
176,217950_at,51070,ENSG00000142546
177,202738_s_at,5257,ENSG00000102893
178,209095_at,1738,ENSG00000091140
179,202328_s_at,5310,ENSG00000008710
180,207842_s_at,22794,ENSG00000108349
181,217496_s_at,3416,ENSG00000119912
182,214221_at,7840,ENSG00000116127
183,200617_at,9761,ENSG00000110917
184,204225_at,9759,ENSG00000068024
185,209161_at,9128,ENSG00000136875
186,204825_at,9833,ENSG00000165304
187,200083_at,23326,ENSG00000124422
188,204742_s_at,23047,ENSG00000083642
189,200929_at,10972,ENSG00000170348
190,202230_s_at,10523,ENSG00000085872
191,205398_s_at,4088,ENSG00000166949
192,205741_s_at,1837,ENSG00000134769
193,208717_at,5018,ENSG00000155463
194,205573_s_at,51375,ENSG00000162627
195,204985_s_at,79090,ENSG00000007255
196,212255_s_at,27032,ENSG00000017260
197,218399_s_at,55038,ENSG00000170779
198,212054_x_at,23061,ENSG00000284400
199,201671_x_at,9097,ENSG00000101557
200,202630_at,10513,ENSG00000062725
201,217960_s_at,56993,ENSG00000100216
202,217745_s_at,80218,ENSG00000121579
203,218742_at,64428,ENSG00000103245
204,201788_at,11325,ENSG00000198231
205,200789_at,1891,ENSG00000282853
206,201833_at,3066,ENSG00000196591
207,204549_at,9641,ENSG00000263528
208,210811_s_at,54555,ENSG00000105671
209,205480_s_at,7360,ENSG00000169764
210,203465_at,9801,ENSG00000115364
211,40829_at,23038,ENSG00000142784
212,56197_at,57048,ENSG00000284009
213,201513_at,7247,ENSG00000211460
214,203575_at,1459,ENSG00000070770
215,212206_s_at,94239,ENSG00000105968
216,204925_at,1497,ENSG00000040531
217,218039_at,51203,ENSG00000137804
218,213689_x_at,388650,ENSG00000154511
219,201729_s_at,9703,ENSG00000007202
220,201014_s_at,10606,ENSG00000128050
221,208741_at,10284,ENSG00000150459
222,204252_at,1017,ENSG00000123374
223,213918_s_at,25836,ENSG00000164190
224,204158_s_at,10312,ENSG00000110719
225,212166_at,23039,ENSG00000130227
226,220643_s_at,55179,ENSG00000158234
227,201778_s_at,9813,ENSG00000159658
228,219076_s_at,5827,ENSG00000176894
229,201739_at,6446,ENSG00000118515
230,202114_at,6643,ENSG00000205302
231,203342_at,10245,ENSG00000292215
232,209367_at,6813,ENSG00000076944
233,202749_at,7485,ENSG00000182093
234,202942_at,2109,ENSG00000105379
235,221560_at,57787,ENSG00000007047
236,212765_at,23271,ENSG00000118200
237,202854_at,3251,ENSG00000165704
238,202986_at,9915,ENSG00000172379
239,209567_at,23212,ENSG00000179041
240,219384_s_at,23536,ENSG00000065457
241,200053_at,9552,ENSG00000091640
242,212644_s_at,93487,ENSG00000168175
243,218206_x_at,51282,ENSG00000171222
244,209215_at,10227,ENSG00000109736
245,202911_at,2956,ENSG00000116062
246,209029_at,50813,ENSG00000111652
247,202954_at,11065,ENSG00000175063
248,218034_at,51024,ENSG00000214253
249,203285_s_at,9653,ENSG00000153936
250,218375_at,53343,ENSG00000170502
251,212300_at,200081,ENSG00000084652
252,200621_at,1465,ENSG00000159176
253,200666_s_at,3337,ENSG00000132002
254,219051_x_at,79006,ENSG00000103260
255,202633_at,11073,ENSG00000163781
256,200045_at,23,ENSG00000236149
257,203054_s_at,6988,ENSG00000145022
258,201212_at,5641,ENSG00000100600
259,212997_s_at,11011,ENSG00000146872
260,205774_at,2161,ENSG00000131187
261,212795_at,23325,ENSG00000136051
262,202331_at,593,ENSG00000248098
263,209015_s_at,10049,ENSG00000105993
264,220942_x_at,26355,ENSG00000114023
265,213119_at,206358,ENSG00000123643
266,221750_at,3157,ENSG00000112972
267,201620_at,8720,ENSG00000140943
268,212458_at,200734,ENSG00000198369
269,204937_s_at,10782,ENSG00000171606
270,201560_at,25932,ENSG00000169504
271,202889_x_at,9053,ENSG00000135525
272,219270_at,79094,ENSG00000128965
273,203764_at,9787,ENSG00000126787
274,200981_x_at,2778,ENSG00000087460
275,202083_s_at,6397,ENSG00000129657
276,219654_at,9200,ENSG00000165996
277,218104_at,54881,ENSG00000136891
278,201807_at,9559,ENSG00000122958
279,219711_at,54807,ENSG00000083828
280,201675_at,8165,ENSG00000121057
281,218854_at,29940,ENSG00000111817
282,213419_at,323,ENSG00000163697
283,202282_at,3028,ENSG00000072506
284,212047_s_at,26001,ENSG00000108523
285,204729_s_at,6804,ENSG00000106089
286,202429_s_at,5530,ENSG00000138814
287,202401_s_at,6722,ENSG00000112658
288,202624_s_at,23523,ENSG00000099991
289,211758_x_at,10190,ENSG00000115514
290,203418_at,890,ENSG00000145386
291,212399_s_at,9686,ENSG00000144560
292,209460_at,18,ENSG00000183044
293,202675_at,6390,ENSG00000117118
294,205406_s_at,53340,ENSG00000064199
295,221741_s_at,54915,ENSG00000149658
296,205451_at,4303,ENSG00000184481
297,211747_s_at,23658,ENSG00000106355
298,201870_at,10953,ENSG00000025772
299,202778_s_at,7750,ENSG00000121741
300,218743_at,79643,ENSG00000176108
301,202220_at,22889,ENSG00000132680
302,214106_s_at,2762,ENSG00000112699
303,200697_at,3098,ENSG00000156515
304,202466_at,11044,ENSG00000112941
305,205452_at,9488,ENSG00000069943
306,210416_s_at,11200,ENSG00000183765
307,202185_at,8985,ENSG00000106397
308,204617_s_at,65057,ENSG00000102977
309,202125_s_at,66008,ENSG00000115993
310,212894_at,6832,ENSG00000156502
311,202550_s_at,9217,ENSG00000124164
312,212485_at,23131,ENSG00000186566
313,209911_x_at,3017,ENSG00000158373
314,203755_at,701,ENSG00000156970
315,219460_s_at,55654,ENSG00000135956
316,203931_s_at,6182,ENSG00000262814
317,212726_at,5253,ENSG00000197724
318,205079_s_at,8777,ENSG00000107186
319,201695_s_at,4860,ENSG00000291814
320,221482_s_at,10776,ENSG00000128989
321,217830_s_at,55968,ENSG00000088833
322,201223_s_at,5887,ENSG00000119318
323,34408_at,6253,ENSG00000125744
324,89476_r_at,79716,ENSG00000215440
325,202413_s_at,7398,ENSG00000162607
326,211605_s_at,5914,ENSG00000131759
327,201528_at,6117,ENSG00000132383
328,217906_at,23588,ENSG00000165516
329,215884_s_at,29978,ENSG00000188021
330,203301_s_at,9988,ENSG00000135164
331,201819_at,949,ENSG00000073060
332,204809_at,10845,ENSG00000166855
333,210986_s_at,7168,ENSG00000140416
334,201078_at,9375,ENSG00000125304
335,218794_s_at,54957,ENSG00000140830
336,218809_at,80025,ENSG00000125779
337,219127_at,79170,ENSG00000167183
338,202900_s_at,4927,ENSG00000108559
339,204542_at,10610,ENSG00000070731
340,208847_s_at,128,ENSG00000197894
341,206109_at,2523,ENSG00000174951
342,218193_s_at,51026,ENSG00000111711
343,209586_s_at,58497,ENSG00000143363
344,204788_s_at,5498,ENSG00000143224
345,201260_s_at,6856,ENSG00000008282
346,221732_at,124583,ENSG00000171302
347,212557_at,26036,ENSG00000112200
348,217080_s_at,9455,ENSG00000103942
349,218577_at,55631,ENSG00000066557
350,205172_x_at,1212,ENSG00000175416
351,203659_s_at,10206,ENSG00000204977
352,201178_at,25793,ENSG00000100225
353,205450_at,5255,ENSG00000067177
354,202734_at,9322,ENSG00000125733
355,213390_at,23211,ENSG00000130749
356,204143_s_at,55556,ENSG00000132199
357,206571_s_at,9448,ENSG00000071054
358,202441_at,10613,ENSG00000107566
359,203117_s_at,9924,ENSG00000135473
360,202726_at,3978,ENSG00000105486
361,204517_at,5480,ENSG00000168938
362,208708_x_at,1983,ENSG00000100664
363,204000_at,10681,ENSG00000069966
364,210473_s_at,166647,ENSG00000152990
365,201626_at,3638,ENSG00000186480
366,205919_at,3046,ENSG00000213931
367,217758_s_at,56889,ENSG00000077147
368,203119_at,79080,ENSG00000110104
369,202708_s_at,8349,ENSG00000184678
370,203186_s_at,6275,ENSG00000196154
371,204587_at,9016,ENSG00000102078
372,200915_x_at,3895,ENSG00000126777
373,336_at,6915,ENSG00000006638
374,202117_at,392,ENSG00000175220
375,205340_at,9841,ENSG00000112365
376,217168_s_at,9709,ENSG00000051108
377,206723_s_at,9170,ENSG00000064547
378,201913_s_at,80347,ENSG00000068120
379,210115_at,116832,ENSG00000163923
380,205750_at,670,ENSG00000137274
381,202038_at,9354,ENSG00000110344
382,201855_s_at,23300,ENSG00000291953
383,202788_at,7867,ENSG00000114738
384,202763_at,836,ENSG00000164305
385,209179_s_at,79143,ENSG00000276935
386,205324_s_at,24140,ENSG00000068438
387,218961_s_at,11284,ENSG00000039650
388,201591_s_at,11188,ENSG00000010322
389,206770_s_at,23443,ENSG00000117620
390,206688_s_at,10898,ENSG00000160917
391,208190_s_at,51599,ENSG00000105699
392,201098_at,9276,ENSG00000184432
393,203806_s_at,2175,ENSG00000187741
394,203725_at,1647,ENSG00000116717
395,202040_s_at,5927,ENSG00000073614
396,221856_s_at,55793,ENSG00000143409
397,200071_at,10285,ENSG00000119953
398,201270_x_at,23386,ENSG00000015676
399,203582_s_at,5867,ENSG00000168118
400,203080_s_at,29994,ENSG00000123636
401,209100_at,7866,ENSG00000214706
402,217867_x_at,25825,ENSG00000182240
403,202540_s_at,3156,ENSG00000113161
404,210754_s_at,4067,ENSG00000254087
405,202433_at,10237,ENSG00000121073
406,218170_at,51015,ENSG00000066583
407,203167_at,7077,ENSG00000035862
408,205036_at,11157,ENSG00000164167
409,208078_s_at,150094,ENSG00000142178
410,202521_at,10664,ENSG00000102974
411,205130_at,5891,ENSG00000080823
412,204952_at,27076,ENSG00000124466
413,202797_at,22908,ENSG00000211456
414,202500_at,3300,ENSG00000135924
415,202396_at,10915,ENSG00000113649
416,218421_at,64781,ENSG00000100422
417,201985_at,9897,ENSG00000164961
418,215116_s_at,1759,ENSG00000106976
419,217933_s_at,51056,ENSG00000002549
420,202887_s_at,54541,ENSG00000168209
421,212871_at,8550,ENSG00000089022
422,205633_s_at,211,ENSG00000023330
423,209526_s_at,50810,ENSG00000166503
424,221223_x_at,1154,ENSG00000114737
425,200816_s_at,5048,ENSG00000007168
426,201896_s_at,84722,ENSG00000134222
427,203885_at,23011,ENSG00000080371
428,204765_at,7984,ENSG00000284933
429,209337_at,11168,ENSG00000164985
430,204313_s_at,1385,ENSG00000118260
431,201704_at,955,ENSG00000197586
432,203640_at,10150,ENSG00000139793
433,202689_at,29890,ENSG00000259956
434,218744_s_at,29763,ENSG00000165912
435,201519_at,9868,ENSG00000154174
436,209213_at,873,ENSG00000159228
437,211783_s_at,9112,ENSG00000182979
438,208634_s_at,23499,ENSG00000127603
439,202545_at,5580,ENSG00000163932
440,201743_at,929,ENSG00000170458
441,203832_at,6636,ENSG00000139343
442,203334_at,1659,ENSG00000067596
443,209806_at,85236,ENSG00000197903
444,201466_s_at,3725,ENSG00000177606
445,212694_s_at,5096,ENSG00000114054
446,221610_s_at,55620,ENSG00000178078
447,217766_s_at,23585,ENSG00000183726
448,203201_at,5373,ENSG00000140650
449,201825_s_at,51097,ENSG00000143653
450,217989_at,51170,ENSG00000198189
451,208763_s_at,1831,ENSG00000157514
452,220127_s_at,54850,ENSG00000127452
453,204654_s_at,7020,ENSG00000137203
454,221531_at,80349,ENSG00000140395
455,218149_s_at,55893,ENSG00000186918
456,204781_s_at,355,ENSG00000026103
457,202261_at,6944,ENSG00000163159
458,205046_at,1062,ENSG00000138778
459,201561_s_at,22883,ENSG00000171603
460,201200_at,8804,ENSG00000143162
461,203218_at,5601,ENSG00000050748
462,219742_at,80758,ENSG00000131188
463,201263_at,6897,ENSG00000113407
464,202868_s_at,10775,ENSG00000105171
465,213851_at,375346,ENSG00000213533
466,201146_at,4780,ENSG00000116044
467,219968_at,51385,ENSG00000164048
468,209394_at,8623,ENSG00000292339
469,201032_at,10904,ENSG00000166619
470,217752_s_at,55748,ENSG00000133313
471,202916_s_at,9917,ENSG00000116199
472,202946_s_at,22903,ENSG00000132640
473,207196_s_at,10318,ENSG00000145901
474,212180_at,1399,ENSG00000099942
475,222125_s_at,54681,ENSG00000178467
476,208872_s_at,7905,ENSG00000129625
477,203521_s_at,24149,ENSG00000171467
478,217809_at,28969,ENSG00000136261
479,208647_at,2222,ENSG00000284967
480,204605_at,10668,ENSG00000100532
481,201391_at,10131,ENSG00000126602
482,219082_at,51005,ENSG00000162066
483,202678_at,2958,ENSG00000140307
484,205161_s_at,8800,ENSG00000166821
485,208249_s_at,23483,ENSG00000088451
486,219821_s_at,54438,ENSG00000145990
487,203208_s_at,9650,ENSG00000066855
488,221142_s_at,55825,ENSG00000115425
489,201899_s_at,7319,ENSG00000077721
490,202891_at,4817,ENSG00000158793
491,203373_at,8835,ENSG00000120833
492,205691_at,9143,ENSG00000291941
493,218249_at,64429,ENSG00000023041
494,205055_at,3682,ENSG00000083457
495,203573_s_at,5875,ENSG00000285193
496,201314_at,10494,ENSG00000115694
497,204808_s_at,10329,ENSG00000118600
498,202394_s_at,55324,ENSG00000161204
499,213995_at,27109,ENSG00000125375
500,213669_at,23149,ENSG00000130475
501,217722_s_at,51335,ENSG00000182768
502,213844_at,3202,ENSG00000106004
503,202696_at,9943,ENSG00000172939
504,200678_x_at,2896,ENSG00000030582
505,201074_at,6599,ENSG00000173473
506,203562_at,9638,ENSG00000149557
507,218014_at,79902,ENSG00000125450
508,203963_at,771,ENSG00000074410
509,221046_s_at,29083,ENSG00000163607
510,209092_s_at,51031,ENSG00000167699
511,208820_at,5747,ENSG00000169398
512,203464_s_at,22905,ENSG00000072134
513,201931_at,2108,ENSG00000140374
514,220094_s_at,63933,ENSG00000050393
515,203233_at,3566,ENSG00000077238
516,201673_s_at,2997,ENSG00000104812
517,212943_at,9847,ENSG00000111731
518,205051_s_at,3815,ENSG00000157404
519,218046_s_at,51021,ENSG00000182180
520,201594_s_at,9989,ENSG00000154845
521,207038_at,9120,ENSG00000108932
522,221567_at,8996,ENSG00000140939
523,203405_at,8624,ENSG00000183527
524,218215_s_at,7376,ENSG00000131408
525,212281_s_at,27346,ENSG00000109084
526,201932_at,10489,ENSG00000132128
527,205190_at,5357,ENSG00000120756
528,218845_at,56940,ENSG00000112679
529,212453_at,26128,ENSG00000198954
530,203379_at,6195,ENSG00000281877
531,202371_at,79921,ENSG00000133142
532,203302_at,1633,ENSG00000156136
533,202184_s_at,55746,ENSG00000069248
534,202153_s_at,23636,ENSG00000213024
535,215945_s_at,23321,ENSG00000109654
536,208309_s_at,10892,ENSG00000172175
537,218679_s_at,51160,ENSG00000285339
538,219573_at,55604,ENSG00000079691
539,217784_at,10652,ENSG00000106636
540,219327_s_at,55890,ENSG00000291917
541,209408_at,11004,ENSG00000142945
542,213110_s_at,1287,ENSG00000188153
543,203094_at,9587,ENSG00000124688
544,202784_s_at,23530,ENSG00000112992
545,209262_s_at,2063,ENSG00000160113
546,202414_at,2073,ENSG00000134899
547,218695_at,54512,ENSG00000178896
548,208690_s_at,9124,ENSG00000107438
549,201707_at,5824,ENSG00000162735
550,218358_at,79174,ENSG00000184164
551,221187_s_at,80199,ENSG00000010361
552,200791_s_at,8826,ENSG00000140575
553,216913_s_at,23223,ENSG00000052749
554,209608_s_at,39,ENSG00000120437
555,202128_at,9870,ENSG00000119682
556,212910_at,57215,ENSG00000168286
557,203973_s_at,1052,ENSG00000221869
558,202691_at,6632,ENSG00000167088
559,211015_s_at,3308,ENSG00000170606
560,215903_s_at,23139,ENSG00000086015
561,218547_at,79947,ENSG00000117682
562,201292_at,7153,ENSG00000131747
563,201735_s_at,1182,ENSG00000109572
564,209304_x_at,4616,ENSG00000099860
565,203288_at,9710,ENSG00000282735
566,201489_at,10105,ENSG00000108179
567,203188_at,11041,ENSG00000174684
568,203303_at,6990,ENSG00000165169
569,218571_s_at,29082,ENSG00000285302
570,207749_s_at,5523,ENSG00000073711
571,203546_at,9670,ENSG00000117408
572,201339_s_at,6342,ENSG00000116171
573,221449_s_at,81533,ENSG00000129636
574,204828_at,5883,ENSG00000172613
575,203258_at,10589,ENSG00000175550
576,221245_s_at,7855,ENSG00000163251
577,200825_s_at,10525,ENSG00000280682
578,205202_at,5110,ENSG00000120265
579,208445_s_at,9031,ENSG00000009954
580,209189_at,2353,ENSG00000170345
581,219952_s_at,57192,ENSG00000090674
582,202431_s_at,4609,ENSG00000136997
583,201565_s_at,3398,ENSG00000115738
584,203616_at,5423,ENSG00000070501
585,209662_at,1070,ENSG00000153140
586,204679_at,3775,ENSG00000135750
587,204611_s_at,5526,ENSG00000068971
588,201664_at,10051,ENSG00000113810
589,202052_s_at,26064,ENSG00000039560
590,201827_at,6603,ENSG00000108604
591,218435_at,29103,ENSG00000120675
592,201875_s_at,9019,ENSG00000197965
593,201347_x_at,9380,ENSG00000137106
594,213150_at,3206,ENSG00000253293
595,221887_s_at,25861,ENSG00000095397
596,201323_at,10969,ENSG00000117395
597,208407_s_at,1500,ENSG00000198561
598,203648_at,9797,ENSG00000157014
599,201186_at,4043,ENSG00000163956
600,214741_at,7690,ENSG00000172262
601,218780_at,29911,ENSG00000095066
602,203594_at,8634,ENSG00000137996
603,216836_s_at,2064,ENSG00000141736
604,208398_s_at,9519,ENSG00000028839
605,202809_s_at,65123,ENSG00000262826
606,211318_s_at,8480,ENSG00000101146
607,203213_at,983,ENSG00000170312
608,212968_at,5986,ENSG00000169733
609,221779_at,85377,ENSG00000100139
610,203306_s_at,10559,ENSG00000164414
611,203068_at,9903,ENSG00000162413
612,201709_s_at,8508,ENSG00000184117
613,202518_at,9275,ENSG00000106635
614,203221_at,7088,ENSG00000196781
615,204017_at,11015,ENSG00000100196
616,203046_s_at,8914,ENSG00000111602
617,203073_at,22796,ENSG00000135775
618,212648_at,54505,ENSG00000067248
619,218001_at,51116,ENSG00000122140
620,209147_s_at,8611,ENSG00000067113
621,218474_s_at,54442,ENSG00000167977
622,203919_at,6919,ENSG00000171703
623,217931_at,10695,ENSG00000137161
624,202949_s_at,2274,ENSG00000115641
625,202604_x_at,102,ENSG00000137845
626,200895_s_at,2288,ENSG00000004478
627,205173_x_at,965,ENSG00000116815
628,202423_at,7994,ENSG00000083168
629,201161_s_at,8531,ENSG00000060138
630,203130_s_at,3800,ENSG00000276734
631,210719_s_at,10362,ENSG00000064961
632,204089_x_at,4216,ENSG00000085511
633,202927_at,5300,ENSG00000127445
634,201531_at,7538,ENSG00000128016
635,202794_at,3628,ENSG00000151689
636,219061_s_at,8270,ENSG00000196976
637,218856_at,27242,ENSG00000146072
638,213196_at,23361,ENSG00000102870
639,206364_at,9928,ENSG00000118193
640,202798_at,10427,ENSG00000138802
641,219069_at,54851,ENSG00000168876
642,201889_at,10447,ENSG00000196937
643,209163_at,1534,ENSG00000008283
644,201719_s_at,2037,ENSG00000079819
645,201040_at,2771,ENSG00000114353
646,201185_at,5654,ENSG00000166033
647,36936_at,7264,ENSG00000278243
648,204042_at,10810,ENSG00000132970
649,201697_s_at,1786,ENSG00000130816
650,209109_s_at,7105,ENSG00000000003
651,212231_at,23014,ENSG00000135108
652,209515_s_at,5873,ENSG00000069974
653,1007_s_at,780,ENSG00000234078
654,218852_at,55012,ENSG00000092020
655,202866_at,54788,ENSG00000148719
656,202651_at,9926,ENSG00000123684
657,202703_at,8446,ENSG00000291483
658,209409_at,2887,ENSG00000106070
659,212737_at,2760,ENSG00000196743
660,203120_at,7159,ENSG00000143514
661,202284_s_at,1026,ENSG00000124762
662,204812_at,9183,ENSG00000086827
663,209083_at,11151,ENSG00000102879
664,202011_at,7082,ENSG00000277401
665,203192_at,10058,ENSG00000115657
666,209045_at,7511,ENSG00000108039
667,205088_at,10046,ENSG00000013619
668,201761_at,10797,ENSG00000065911
669,217901_at,1829,ENSG00000046604
670,203456_at,11230,ENSG00000292222
671,202776_at,30836,ENSG00000067334
672,222217_s_at,11000,ENSG00000263163
673,202910_s_at,976,ENSG00000123146
674,202602_s_at,27336,ENSG00000102241
675,201887_at,3597,ENSG00000131724
676,201774_s_at,9918,ENSG00000010292
677,203566_s_at,178,ENSG00000162688
678,201361_at,79073,ENSG00000110108
679,205548_s_at,10950,ENSG00000154640
680,221848_at,84619,ENSG00000197114
681,209603_at,2625,ENSG00000107485
682,202188_at,9688,ENSG00000102900
683,204458_at,23659,ENSG00000103066
684,209507_at,6119,ENSG00000106399
685,201080_at,8396,ENSG00000277292
686,202720_at,26136,ENSG00000135269
687,201959_s_at,23077,ENSG00000005810
688,203458_at,6697,ENSG00000116096
689,201121_s_at,10857,ENSG00000101856
690,205205_at,5971,ENSG00000104856
691,201000_at,16,ENSG00000090861
692,219650_at,54821,ENSG00000186871
693,202756_s_at,2817,ENSG00000063660
694,212973_at,22934,ENSG00000153574
695,201767_s_at,60528,ENSG00000006744
696,212070_at,9289,ENSG00000205336
697,207877_s_at,4931,ENSG00000143748
698,202446_s_at,5359,ENSG00000188313
699,218642_s_at,79145,ENSG00000170791
700,202087_s_at,1514,ENSG00000135047
701,200766_at,1509,ENSG00000117984
702,210153_s_at,4200,ENSG00000082212
703,209435_s_at,9181,ENSG00000116584
704,210074_at,1515,ENSG00000136943
705,201234_at,3611,ENSG00000166333
706,214061_at,93594,ENSG00000156787
707,203574_at,4783,ENSG00000165030
708,203696_s_at,5982,ENSG00000049541
709,202208_s_at,10123,ENSG00000188042
710,218316_at,26520,ENSG00000100575
711,202119_s_at,8895,ENSG00000085719
712,205085_at,4998,ENSG00000085840
713,204324_s_at,27333,ENSG00000173905
714,214086_s_at,10038,ENSG00000291803
715,219016_at,60493,ENSG00000215251
716,201462_at,9805,ENSG00000136193
717,209166_s_at,4125,ENSG00000104774
718,217777_s_at,51495,ENSG00000074696
719,219281_at,4482,ENSG00000285250
720,203250_at,22828,ENSG00000213079
721,201572_x_at,1635,ENSG00000129187
722,202761_s_at,23224,ENSG00000054654
723,201152_s_at,4154,ENSG00000152601
724,201817_at,9690,ENSG00000009335
725,218175_at,80212,ENSG00000275035
726,203360_s_at,26292,ENSG00000214114
727,204168_at,4258,ENSG00000085871
728,202716_at,5770,ENSG00000196396
729,202427_s_at,25874,ENSG00000143158
730,219184_x_at,29928,ENSG00000277649
731,204999_s_at,22809,ENSG00000169136
732,203013_at,11319,ENSG00000122882
733,200810_s_at,1153,ENSG00000099622
734,215093_at,50814,ENSG00000292192
735,217761_at,55256,ENSG00000280830
736,203241_at,7405,ENSG00000198382
737,218168_s_at,56997,ENSG00000163050
738,202458_at,11098,ENSG00000150687
739,213343_s_at,81544,ENSG00000158555
740,202829_s_at,6845,ENSG00000292366
741,202733_at,8974,ENSG00000072682
742,202813_at,6894,ENSG00000059588
743,200078_s_at,533,ENSG00000117410
744,219222_at,64080,ENSG00000171174
745,200752_s_at,823,ENSG00000014216
746,212689_s_at,55818,ENSG00000115548
747,211725_s_at,637,ENSG00000015475
748,202260_s_at,6812,ENSG00000136854
749,201125_s_at,3693,ENSG00000082781
750,203346_s_at,22823,ENSG00000143033
751,203123_s_at,4891,ENSG00000110911
752,218788_s_at,64754,ENSG00000185420
753,203857_s_at,10954,ENSG00000065485
754,204484_at,5287,ENSG00000133056
755,203911_at,5909,ENSG00000076864
756,212833_at,91137,ENSG00000164209
757,212899_at,23097,ENSG00000155111
758,205895_s_at,9221,ENSG00000166197
759,201432_at,847,ENSG00000121691
760,204711_at,9851,ENSG00000198920
761,203367_at,11072,ENSG00000275932
762,212462_at,23522,ENSG00000281813
763,212624_s_at,1123,ENSG00000128656
764,201331_s_at,6778,ENSG00000166888
765,203720_s_at,2067,ENSG00000012061
766,210058_at,5603,ENSG00000156711
767,202241_at,10221,ENSG00000173334
768,218050_at,51569,ENSG00000120686
769,220161_s_at,54566,ENSG00000095203
770,203050_at,7158,ENSG00000067369
771,217900_at,55699,ENSG00000067704
772,203965_at,10868,ENSG00000136878
773,208945_s_at,8678,ENSG00000126581
774,209710_at,2624,ENSG00000179348
775,200698_at,11014,ENSG00000136240
776,204054_at,5728,ENSG00000284792
777,201727_s_at,1994,ENSG00000066044
778,202599_s_at,8204,ENSG00000180530
779,202705_at,9133,ENSG00000157456
780,202452_at,10444,ENSG00000160445
781,200060_s_at,10921,ENSG00000205937
782,203499_at,1969,ENSG00000142627
783,221230_s_at,51742,ENSG00000054267
784,202108_at,5184,ENSG00000124299
785,209531_at,2954,ENSG00000100577
786,201393_s_at,3482,ENSG00000197081
787,218346_s_at,27244,ENSG00000080546
788,212665_at,25976,ENSG00000163659
789,201380_at,10491,ENSG00000170275
790,201997_s_at,23013,ENSG00000065526
791,218350_s_at,51053,ENSG00000112312
792,219382_at,29946,ENSG00000167565
793,202880_s_at,9267,ENSG00000108669
794,203067_at,8050,ENSG00000110435
795,221081_s_at,79961,ENSG00000162777
796,201494_at,5547,ENSG00000137509
797,214074_s_at,2017,ENSG00000288401
798,213720_s_at,6597,ENSG00000127616
799,202990_at,5836,ENSG00000100504
800,218108_at,55148,ENSG00000278787
801,202894_at,2050,ENSG00000196411
802,201756_at,6118,ENSG00000117748
803,204489_s_at,960,ENSG00000026508
804,203026_at,9925,ENSG00000168795
805,202680_at,2961,ENSG00000197265
806,218807_at,10451,ENSG00000134215
807,221552_at,57406,ENSG00000163686
808,209860_s_at,310,ENSG00000138279
809,218255_s_at,64319,ENSG00000156860
810,201266_at,7296,ENSG00000198431
811,217873_at,51719,ENSG00000135932
812,205031_at,1949,ENSG00000108947
813,202950_at,1429,ENSG00000116791
814,213135_at,7074,ENSG00000156299
815,203105_s_at,10059,ENSG00000087470
816,202812_at,2548,ENSG00000291507
817,218102_at,51071,ENSG00000023697
818,203727_at,6499,ENSG00000225737
819,202179_at,642,ENSG00000108578
820,203038_at,5796,ENSG00000273993
821,219352_at,55008,ENSG00000138642
822,212846_at,23076,ENSG00000160208
823,210582_s_at,3985,ENSG00000182541
824,200972_at,10099,ENSG00000140391
825,221641_s_at,23597,ENSG00000123130
826,203155_at,9869,ENSG00000143379
827,202417_at,9817,ENSG00000079999
828,203217_s_at,8869,ENSG00000115525
829,202468_s_at,8727,ENSG00000119326
830,202032_s_at,4122,ENSG00000196547
831,218581_at,63874,ENSG00000100439
832,209257_s_at,9126,ENSG00000108055
833,205376_at,8821,ENSG00000109452
834,201795_at,3930,ENSG00000143815
835,202494_at,10450,ENSG00000084072
836,212124_at,57178,ENSG00000108175
837,208510_s_at,5468,ENSG00000132170
838,201174_s_at,54386,ENSG00000166848
839,201849_at,664,ENSG00000176171
840,205562_at,10557,ENSG00000152464
841,203685_at,596,ENSG00000171791
842,208908_s_at,831,ENSG00000153113
843,217911_s_at,9531,ENSG00000151929
844,201967_at,10180,ENSG00000004534
845,202329_at,1445,ENSG00000103653
846,40562_at,2767,ENSG00000088256
847,202022_at,230,ENSG00000109107
848,202349_at,1861,ENSG00000136827
849,203775_at,10165,ENSG00000004864
850,201649_at,9246,ENSG00000156587
851,201236_s_at,7832,ENSG00000159388
852,209263_x_at,7106,ENSG00000214063
853,216321_s_at,2908,ENSG00000113580
854,203557_s_at,5092,ENSG00000166228
855,201611_s_at,23463,ENSG00000116237
856,218145_at,57761,ENSG00000101255
857,200884_at,1152,ENSG00000166165
858,212660_at,23338,ENSG00000043143
859,211919_s_at,7852,ENSG00000121966
860,202382_s_at,10007,ENSG00000113552
861,219390_at,55033,ENSG00000106080
862,213153_at,23067,ENSG00000139718
863,208424_s_at,57019,ENSG00000005194
864,203675_at,4925,ENSG00000070081
865,213190_at,91949,ENSG00000168434
866,201980_s_at,6251,ENSG00000148484
867,205251_at,8864,ENSG00000132326
868,209191_at,84617,ENSG00000176014
869,202123_s_at,25,ENSG00000097007
870,201963_at,2180,ENSG00000151726
871,204826_at,899,ENSG00000162063
872,202006_at,5782,ENSG00000127947
873,218542_at,55165,ENSG00000138180
874,202847_at,5106,ENSG00000285241
875,201924_at,4299,ENSG00000172493
876,218898_at,79850,ENSG00000167695
877,217838_s_at,51466,ENSG00000196405
878,202722_s_at,2673,ENSG00000198380
879,211729_x_at,644,ENSG00000106605
880,210640_s_at,2852,ENSG00000164850
881,202623_at,55837,ENSG00000129518
882,202598_at,6284,ENSG00000189171
883,201995_at,2131,ENSG00000182197
884,201710_at,4605,ENSG00000101057
885,205909_at,5427,ENSG00000100479
886,203530_s_at,6810,ENSG00000103496
887,218523_at,64077,ENSG00000107902
888,208716_s_at,54499,ENSG00000143183
889,212875_s_at,25966,ENSG00000157617
890,207831_x_at,1725,ENSG00000095059
891,218093_s_at,55608,ENSG00000088448
892,204610_s_at,11007,ENSG00000175602
893,203409_at,1643,ENSG00000134574
894,204977_at,1662,ENSG00000178105
895,203304_at,25805,ENSG00000095739
896,203494_s_at,9702,ENSG00000166037
897,201036_s_at,3033,ENSG00000138796
898,217763_s_at,11031,ENSG00000168461
899,209380_s_at,10057,ENSG00000114770
900,206662_at,2745,ENSG00000173221
901,202180_s_at,9961,ENSG00000013364
902,203209_at,5985,ENSG00000111445
903,203395_s_at,3280,ENSG00000114315
904,200783_s_at,3925,ENSG00000117632
905,202528_at,2582,ENSG00000117308
906,213233_s_at,55958,ENSG00000198642
907,200636_s_at,5792,ENSG00000142949
908,217825_s_at,51465,ENSG00000198833
909,201968_s_at,5236,ENSG00000079739
910,202830_s_at,2542,ENSG00000281500
911,203570_at,4016,ENSG00000129038
912,203905_at,5073,ENSG00000274829
913,201976_s_at,4651,ENSG00000145555
914,203246_s_at,10641,ENSG00000114388
915,201847_at,3988,ENSG00000107798
916,201608_s_at,11137,ENSG00000136045
917,201397_at,26227,ENSG00000092621
918,212717_at,9842,ENSG00000277111
919,207871_s_at,7982,ENSG00000004866
920,208626_s_at,10493,ENSG00000108828
921,209341_s_at,3551,ENSG00000104365
922,218755_at,10112,ENSG00000112984
923,203256_at,1001,ENSG00000062038
924,202174_s_at,5108,ENSG00000078674
925,201631_s_at,8870,ENSG00000237155
926,203787_at,23635,ENSG00000145687
927,201579_at,2195,ENSG00000083857
928,220140_s_at,29916,ENSG00000002919
929,202683_s_at,8731,ENSG00000101654
930,209260_at,2810,ENSG00000175793
931,201984_s_at,1956,ENSG00000146648
932,202963_at,5993,ENSG00000143390
933,201829_at,10276,ENSG00000173848
934,202732_at,11142,ENSG00000168734
935,202447_at,1666,ENSG00000104325
936,219170_at,79187,ENSG00000105255
937,208898_at,51382,ENSG00000100554
938,206398_s_at,930,ENSG00000177455
939,204126_s_at,8318,ENSG00000093009
940,202679_at,4864,ENSG00000141458
941,203279_at,9695,ENSG00000134109
942,202016_at,4232,ENSG00000106484
943,203228_at,5050,ENSG00000079462
944,209307_at,23075,ENSG00000133789
945,200757_s_at,813,ENSG00000128595
946,204761_at,9712,ENSG00000148429
947,208936_x_at,3964,ENSG00000116977
948,218051_s_at,64943,ENSG00000168268
949,204662_at,9738,ENSG00000103540
950,201412_at,26020,ENSG00000197324
951,201243_s_at,481,ENSG00000143153
952,203047_at,6793,ENSG00000072786
953,202780_at,5019,ENSG00000083720
954,203343_at,7358,ENSG00000109814
955,202825_at,291,ENSG00000151729
956,217995_at,58472,ENSG00000137767
957,218450_at,50865,ENSG00000013583
958,209760_at,23240,ENSG00000121210
959,212815_at,10973,ENSG00000112249
960,221934_s_at,55152,ENSG00000178149
961,202368_s_at,9697,ENSG00000065308
962,220661_s_at,55657,ENSG00000171163
963,212536_at,23200,ENSG00000058063
964,202148_s_at,5831,ENSG00000183010
965,218529_at,51293,ENSG00000167775
966,207700_s_at,8202,ENSG00000124151
967,218397_at,55120,ENSG00000115392
968,202996_at,57804,ENSG00000175482
969,204608_at,435,ENSG00000126522
970,211071_s_at,10962,ENSG00000213190
971,203341_at,10153,ENSG00000115816
972,202801_at,5566,ENSG00000288516
973,206414_s_at,8853,ENSG00000151693
974,204978_at,11129,ENSG00000104859
975,205379_at,874,ENSG00000159231
976,203897_at,57149,ENSG00000102897
